Name,Address,Tel,Fax,Email,URL,OB
Azercell Telecom Joint Venture,"61a, Tbilisi Avenue AZ1122 BAKU",+994 12 496 7007, +994 12 430 0568,customercare@azercell.com, www.azercell.com,840
AzEuroTel Joint Venture,"1, B. Sardarov Street AZ1001 BAKU",+994 12 492 1199 / +994 12 492 6500,+994 12 497 0101,aet@azeurotel.com,www.azeurotel.com,840
Aztelecom Production Union of the Ministry of Communication Information Technologies,"3166, Tbilisi Avenue 1122 BAKU",+994 12 430 2630, +994 12 493 1787,aztelecom@aztelecom.net,www.aztelecom.com,840
Bakcell Ltd Limited Liabilities Company,"24, U. Hajibeyov Street 1000 BAKU",+994 12 498 9444,+994 12 498 9255,bakcell@bakcell.com,www.bakcell.com,840
Baku Telegraph Open Joint-Stock Company,"41, Azerbaijan Avenue 1000 BAKU",+994 12 493 6142 / +994 12 493 7094,+994 12 498 5525,,www.baktel.bakinter.net,840
Baku Telephone Communication Production Union,"24, U. Hajibeyov Street 1000 BAKU",+994 12 498 5752 / +994 12 492 5500,+994 12 493 7788, btrib@btrib.bakinter.net, www.baktelecom.bakinter.net,840
"Caspian American Telecommunications, LLC",54 Suleyman Rustam Street AZ1007 BAKU,+994 12 448 4800 / +994 12 448 4900,+994 12 447 4600,catel@catel-az.com,www.catel-az.com,840
Ministry of Communications and Information Technologies of the Nakhchivan Autonomous," Republic 1, Ataturk Street 7000 NAKHCHIVAN CITY Nakhchivan Autonomous Republic", +994 136  452 024 / +994 136 452 270,+994 136 452 024,rabite@nakhchyvan.az,www.nakhchyvan.az,840
Ultel Limited Liabilities Company,"41, Azerbaijan Avenue 1000 BAKU",+994 12 490 2020,+994 12 490 2030,ultelmmc@intrans.az,www.ultel.com,840
,,,,,,
,,,,,,
,,,,,,
,,,,,,
,,,,,,
,,,,,,
,,,,,,
,,,,,,
,,,,,,
,,,,,,
,,,,,,
,,,,,,
,,,,,,
,,,,,,
,,,,,,
,,,,,,
,,,,,,
,,,,,,
,,,,,,
,,,,,,
,,,,,,
,,,,,,
,,,,,,
,,,,,,
